카카오지도위치명,경도,위도,인스타위치명,count
올레길 7코스(서귀포-월평 올레),126.54685036186247,33.244247088965814,Jeju,271
올레길 7코스(서귀포-월평 올레),126.54685036186247,33.244247088965814,Jeju-do,179
올레길 7코스(서귀포-월평 올레),126.54685036186247,33.244247088965814,Seogwipo,66
바이나흐튼 크리스마스박물관,126.32779866033343,33.29131209935493,제주도 크리스마스 박물관,59
서귀포 제주에인감귤밭 카페,126.539032146678,33.2565652662429,제주에인감귤밭,48
우도,126.955582257582,33.5044199749505,Jeju Island,40
한라산1100고지,126.462219691112,33.3580781709788,1100고지,25
월정리해수욕장,126.795805057888,33.556469394054,월정리해변,19
올레길 16코스(고내-광령 올레),126.38942484621417,33.468747935288256,제주도 애월읍,18
고집돌우럭 중문점,126.416704762779,33.2579811121134,고집돌우럭중문점,18
숨도,126.53652102219156,33.25045551460648,석부작박물관,18
알뜨르비행장,126.271527320164,33.2047161778831,알뜨르 비행장,17
카멜리아힐,126.36819010853146,33.290336568694215,카멜리아 힐,17
제주도 카트 제주레포츠랜드,126.6387551242765,33.48206819907232,제주레포츠랜드,16
함덕해수욕장,126.669238934013,33.5430615661113,제주 함덕 서우봉 해변,16
제주신화월드 서머셋,126.31750407341045,33.30291379030824,제주신화월드 Jeju Shinhwa World,15
위미동백나무군락,126.67473058287,33.2729387205764,위미동백나무군락지,15
월정리해수욕장,126.795805057888,33.556469394054,Woljeongri Beach,14
누웨마루거리,126.490657044139,33.48601183492031,연동 바오젠 거리,14
협재해수욕장,126.23965234966808,33.394314495016246,협재해변 Beach,14
새별오름,126.3577306657398,33.366277591139294,새별오름,12
용머리해안,126.314736627312,33.2316567556941,용머리해안,11
용눈이오름,126.83268298189506,33.45988023593872,용눈이오름,11
캔디원,126.707750215953,33.4712938141156,캔디원,10
하이엔드제주,126.309174965145,33.4635843494738,하이엔드 제주,10
사려니숲길,126.62649730394567,33.422032834994496,사려니숲길,10
제주빅볼랜드,126.775697592995,33.4430888345241,제주빅볼랜드,10
위미동백나무군락,126.67473058287,33.2729387205764,위미동백나무군락,9
마마뜰,126.333571516211,33.3101922253042,마마뜰,9
해안도로입구 옹포귀덕,126.254341199384,33.4071142226903,옹포리,9
올레길 16코스(고내-광령 올레),126.38942484621417,33.468747935288256,Jeju Aewol,9
삼무공원,126.49151445163828,33.491744071567474,삼무공원,9
제주커피박물관 바움,126.89921156195707,33.43977681651578,제주커피박물관 Baum,9
한라산,126.52941927591584,33.361424638771474,한라산,9
느영나영게스트하우스,126.766699879038,33.3007496994456,서귀포 느영나영 게스트하우스,9
어린왕자게스트하우스,126.28156076397981,33.253504106105964,제주어린왕자게스트하우스,9
휴애리자연생활공원,126.635409752107,33.309410458656,휴애리 자연생활공원,9
광치기해변,126.92419325010229,33.452520855588524,광치기해변,8
서우봉,126.67758589138624,33.54584155166335,서우봉,8
제주세호해장국 해남점,126.60643078114944,34.56873431299486,제주해남,8
카페한라산,126.86302545302301,33.52478250671836,카페한라산,8
성이시돌목장,126.327321076199,33.3477698762559,성이시돌목장,7
옹포별장가든,126.25793681747341,33.40498819737068,옹포별장가든,7
송악산,126.28979142753593,33.19908293934712,제주 송악산,7
아줄레주 (휴업중),126.83929446652259,33.366831430170805,아줄레주,6
곽지해수욕장,126.30467759583657,33.45064040259736,곽지해수욕장,6
브리프 애월,126.4156409327181,33.45833920017301,카페브리프,6
산굼부리,126.69383199842952,33.4325740941816,산굼부리,6
에코랜드,126.66885276552155,33.45534851446023,에코랜드,6
르페도라펜션,126.62927720179347,33.28961965439343,르페도라펜션,5
하도핑크,126.88342136348828,33.52236365235448,하도핑크,5
노라바,126.376305449139,33.4827924545002,노라바,5
제주동문시장,126.52830338722843,33.51278396493313,제주동문재래시장,5
르토아베이스먼트,126.8442963119275,33.532984763900366,르토아베이스먼트,5
파리바게뜨 명곡로타리점,128.651518420688,35.2430238129614,로타리과자점,5
톨쌀롱,126.92097443179364,37.56296144131047,디저트쌀롱 톨,5
친봉산장,126.596072341382,33.2911373041463,친봉산장,5
오전열한시,126.39425795855624,33.26675834476253,오전열한시,5
비자림,126.80998754971,33.4904083697986,비자림,5
퍼시픽리솜 마린스테이지,126.41557325572441,33.24385369715079,퍼시픽랜드 - Pacific Land JEJU,5
히든클리프호텔&네이쳐,126.402595131766,33.2547764885257,Hidden Cliff / 히든 클리프,5
오설록 티뮤지엄,126.28949031798007,33.30591960370196,오설록티뮤지엄,5
제주신라호텔,126.40804141124566,33.24743087763671,제주신라호텔,5
구멍가게,126.91816394855,37.6044295354294,소세지가게,5
세화해변,126.86025618946,33.5251436596119,세화해수욕장,5
더클리프,126.414919852704,33.2443293868576,the cliff jeju - 더클리프 제주,5
오후새우시,126.41952632291519,33.253730547973326,오후새우시,5
테라로사 커피공장 강릉본점,128.8925581489692,37.69650003203305,Terarosa - 테라로사,5
우아당 떡집,127.034165796152,37.2417401262916,우아당,5
중문대포주상절리대,126.42601106402861,33.23798494731946,주상절리대,5
면차롱,126.243659578692,33.3962665795809,면차롱,5
협재해수욕장,126.23965234966808,33.394314495016246,제주 협재 해수욕장,5
번개과학체험관 전기차충전소,126.5886131451568,33.2895232728845,번개과학체험관,5
우드노트,127.111818009785,37.5345598007673,우드노트,5
서귀포매일올레시장,126.56323157639459,33.25015006260236,서귀포 매일올레시장,4
배다골테마파크 식물원,126.846971579726,37.6306413985241,수목원테마파크,4
제주신라호텔,126.40804141124566,33.24743087763671,The Shilla Jeju,4
중문색달해수욕장,126.411498674889,33.2450381505136,Jungmun Beach,4
하늘아래 게스트하우스,126.800922820428,33.315123515115,하늘아래 게스트하우스,4
서귀포항,126.566400846169,33.2367989759913,서귀포항,4
남원큰엉해변,126.703710044663,33.2733501754907,남원큰엉해안경승지,4
명월국민학교 전기차충전소,126.26486420805624,33.38873229543284,명월국민학교,4
꿈꾸는고래,126.51274081796,33.2355003675534,제주꿈꾸는고래,4
만월당,126.917027756866,37.5496239740543,만월당,4
히든클리프호텔&네이쳐,126.402595131766,33.2547764885257,Hidden Cliff Hotel & Nature,4
제주국제공항,126.49272304493574,33.50683984835887,Jeju International Airport,4
제주도,126.54587355630036,33.379777816446165,제주도,4
플레이스캠프제주,126.91817254328247,33.44982752239807,플레이스 캠프 제주,4
롯데호텔 제주,126.41051140718777,33.248569636848664,LOTTE Hotel Jeju 롯데호텔제주,4
지금이순간,126.662095611501,37.6977868150702,지금이순간카페,4
춘심이네 본점,126.37053351760031,33.2644856335509,춘심이네 본점,4
새별식당,126.31445812788006,33.41580338660873,녹근로33,4
붉은오름자연휴양림,126.675361753765,33.4014900759295,붉은제주,3
다람쥐식탁,126.265767933025,33.4077927462226,다람쥐식탁,3
제주설심당 본점,126.492894953967,33.5194348433794,설심당본점,3
이익새,126.265540410067,33.4073649482759,이익새양과점,3
로얄호텔서울,126.98560265367243,37.56425741599385,로얄,3
천지연폭포,126.55452234287986,33.24721231608811,천지연폭포 (Cheonjiyeon Waterfall),3
블레블랑제리,126.54371973535,33.4747403413465,블레블랑제리 Ble' Boulangerie,3
선녀와나무꾼 테마공원,126.703778647835,33.4787929391846,선녀와나무꾼,3
안녕협재씨 제주협재점,126.22494172709735,33.38663212041573,안녕협재씨,3
워터월드 제주,126.50869807186983,33.24529508944007,법환동,3
올레길 1코스(시흥-광치기 올레),126.90615340679284,33.47870836850387,서귀포시 성산읍,3
혜화동버거,127.004718685372,37.5811284300394,혜화동버거,3
쿠주플라워,127.07700684844,37.6183891028763,쿠주,3
푸른섬게스트하우스,126.812424476454,33.3079427982969,푸른섬 제주도,3
늘좋은하루,126.371894536387,33.4755827339702,애월늘,3
형제해안도로,126.293352563779,33.2167542093081,제주도 해안도로,3
세화해변,126.86025618946,33.5251436596119,제주도 세화해변,3
올레길 7코스(서귀포-월평 올레),126.54685036186247,33.244247088965814,Jejudo,3
거창만남의광장,127.926627666472,35.677678581704,대평리,3
월정리해수욕장,126.795805057888,33.556469394054,제주도 월정리,3
명랑스낵,126.258817154541,33.4091714181718,명랑스낵,3
쇠소깍,126.62240514256442,33.25424606530691,쇠소깍,3
다랑쉬오름,126.82153592461563,33.47768585996772,다랑쉬오름,3
인생밥집,126.6967610254714,35.43610669115329,인생밥집,3
함덕서우재더뷰,126.67397574779172,33.54380261478425,Hamdeok Jeju,3
안녕김녕씨,126.731374027033,33.5593396451047,안녕김녕sea,3
보름우스테이,126.61633637075457,33.2569936969959,보름우스테이,3
금능해수욕장,126.235889902253,33.3904488156321,금능해변,3
돈사돈 본관,126.46402006179694,33.478875196852066,돈사돈,3
올레길 7코스(서귀포-월평 올레),126.54685036186247,33.244247088965814,제주도 서귀포,3
제주여행,127.3041879999479,38.07053612435701,제주여행,3
남원큰엉해변,126.703710044663,33.2733501754907,제주 남원리,3
양가형제,126.25398026094153,33.30735239828433,양가형제,3
유동커피,126.563800348044,33.2445258834582,유동커피,3
제주국제공항,126.49272304493574,33.50683984835887,제주국제공항,3
아뜰리에 안,127.445398953089,36.6146321416414,아뜰리에안,3
산굼부리,126.69383199842952,33.4325740941816,제주 산굼부리,3
PPE,127.059936935972,37.5162738482712,"Seoul, South Korea",3
앙뚜아네트 용담점,126.508835277337,33.5161848354525,앙뚜아네트,3
한라수목원,126.493266082832,33.4697839260314,한라수목원,3
아름다운리조트,126.90999371571884,33.47518322730358,아름다운 제주도,3
한라산국립공원 영실탐방로,126.5128718702698,33.35948456480922,제주 한라산 영실코스,3
꽃기린,126.882111621013,35.1754134698156,꽃기린 카페,2
에이엘에스인스펙션사우쓰코리아,129.3084893196511,35.4342191601958,South Korea,2
삼미흑돼지 중문점,126.413451221879,33.2585789099797,삼미흑돼지,2
그계절,126.818530919106,33.5318587572743,그계절,2
판포포구,126.200023263531,33.365021627537,판포포구,2
제주축산생명연구원 제주마 방목지,126.60359603464576,33.42763738125047,제주마방목지,2
몽듀호텔,126.484543424498,33.5126907556083,호텔 몽듀,2
황우지해안 (폐쇄),126.550527835146,33.2414671811999,황우지해안,2
한림항 비양도도항선선착장,126.262038162225,33.4193064276989,한림항,2
목장카페 드르쿰다,126.77033789322249,33.4094597055704,목장카페 드르쿰다,2
오롯,126.945299043197,37.5458112108655,오롯,2
새연교횟집,126.56259103752,33.2434541052246,새연교횟집,2
살롱드라방,126.34895681503754,33.45785999967484,Salon de Lavant,2
도두봉,126.46837214335847,33.507907109462536,제주 도두동,2
만선식당,126.249810687304,33.2178625441496,모슬포항 만선식당,2
순옥이네 명가 본점,126.46498161971583,33.505515927922644,순옥이네명가,2
서귀포흑돈,126.58220372828056,33.24787641313347,서귀포흑돈,2
테디베어뮤지엄 제주점,126.412163077718,33.2502959457555,테디베어뮤지엄,2
백약이오름,126.789758231167,33.436809406991,백약이 오름,2
세화해변,126.86025618946,33.5251436596119,제주 구좌읍 세화리,2
천지연폭포,126.55452234287986,33.24721231608811,제주도 천지연 폭포,2
우동가게,126.83129114730842,33.32408737715914,우동가게,2
바닐라파레트,126.480579828486,33.4771172717429,바닐라파레트,2
형제칼국수,128.89309445092806,37.757879615605844,형제국수,2
복자씨연탄구이,126.919897039456,33.4692790800661,복자씨연탄구이,2
상호네숯불구이 본점,127.72335830969678,37.86529659109587,상호네숯불구이,2
슬슬슬로우,126.79303509146435,33.53038703828247,슬슬슬로우,2
천지연폭포,126.55452234287986,33.24721231608811,천지연폭포,2
롱리브,126.541524169251,33.4765570711503,Longlive,2
그랜드조선제주 아리아,126.408087575533,33.2522024781608,켄싱턴 제주호텔,2
평대리해수욕장,126.840859977641,33.5335267644776,평대리 해변,2
테디베어하우스 테지움 제주점,126.39361326921566,33.412252132226875,테지움 제주,2
제주김만복김밥 본점,126.508921919644,33.4970353986304,제주김만복,2
올레길 7코스(서귀포-월평 올레),126.54685036186247,33.244247088965814,올레7코스,2
한형수정원 테쉬폰카페,126.2498459316263,33.39694696459037,테쉬폰,2
아부오름,126.777214998455,33.4485841755621,아부오름,2
제주허브동산,126.81518508108189,33.33039388694988,제주허브동산,2
이정의댁,126.39199367651446,33.249670625142656,이정의댁,2
호랑이,126.664039443492,33.5422649863937,함덕호랑이,2
제주성읍마을,126.8014989334944,33.384959730607484,성읍민속마을,2
동백동산,126.716028545663,33.5164508045545,선흘리 동백동산,2
휴애리자연생활공원,126.635409752107,33.309410458656,제주 휴애리,2
가시아방국수,126.91806478438669,33.43860508447686,가시아방,2
연정식당,126.486746198323,33.4837678651428,연정식당,2
해왓,126.917189510552,33.4384927031139,해왓,2
로컬크랩,126.81445628901567,33.36864692203048,로컬크랩,2
난장게스트하우스,126.526095975281,33.5153324500807,사라봉근처,2
가시식당,126.771437983288,33.3530600681391,가시식당,2
김재훈고사리육개장,126.53302263703497,33.48880235357493,훈이네고사리육개장,2
탐나 수제햄버거,127.2168891537736,37.588007463307775,탐나버거,2
갯마을숯불장어구이,128.700348423919,35.1483303863064,성산갯마을식당,2
치유의 숲,126.555187821636,33.443658807734,제주시 아라동,2
에이엘에스인스펙션사우쓰코리아,129.3084893196511,35.4342191601958,"Ulsan, South Korea",2
지오반니,126.883465190219,37.4464394500583,지오반니,2
루핀,126.29132509493701,33.21038626942035,카페루핀,2
오복이네귤밭,126.628110004585,33.2805620184647,남원읍 위미리 귤밭,2
더마파크,126.24150450951313,33.35553937710075,라온더마파크,2
비브레이브커피로스터즈,126.51814130500335,33.25494789535019,비브레이브 커피 로스터즈,2
올레길 10코스(화순-모슬포 올레),126.29320987840607,33.216890444802004,대정읍,2
소보리당로222,126.38330535595469,33.2629222159358,소보리당로 222,2
판포오름,126.213520892882,33.3580646429918,판포리,2
아쿠아플라넷 제주,126.92784588473428,33.433068041140075,아쿠아 플라넷 제주 (Aqua Planet JEJU),2
이호테우해수욕장,126.452690819027,33.4973768007144,제주 이호해수욕장,2
난드르바당,126.37100510566297,33.234617382450736,난드르바당,2
애월더선셋,126.30887594187952,33.4561265802926,애월더선셋,2
로맨틱무브,126.92428308828849,37.55934160337756,로맨틱무브,2
제주시버스터미널,126.5148804170176,33.499725778982096,제주시외버스터미널,2
부두식당,128.4242325101374,38.50002976916347,부두식당,2
모슬포항,126.24966313846427,33.21654980543273,모슬 포항,2
하도리1091,126.88804617910299,33.50866357630661,하도리1091,2
이런날엔 제주N스테이,126.8306579838234,33.54253281448956,이런날엔,2
말젯문,126.83523095335448,33.53842048846556,말젯문,2
이호테우해수욕장,126.452690819027,33.4973768007144,이호테우해변,2
덤장 중문점,126.408133975318,33.2577350437998,중문 덤장,2
함덕해수욕장,126.669238934013,33.5430615661113,함덕해변,2
족황상제 잠원본점,127.008622975925,37.5088969024379,족황상제,2
만세국수,126.537075075475,33.497666700991,만세국수삼성혈점,2
자매국수,126.45914433997106,33.498577203781664,자매국수 노형점,2
정동커피148,126.77159658169,37.5025531767275,Cafe148,2
제주동문시장,126.52830338722843,33.51278396493313,제주시 동문시장,2
컴피하우스,126.8966368878253,33.42536240305823,컴피하우스,2
이음김밥 본점,127.04903533726204,37.291483216188496,이음,2
카페주비,126.460779452996,33.5000629359461,카페주비 - JUBI,2
성산일출봉,126.940537521366,33.4591349705437,성산일출봉,2
우도,126.955582257582,33.5044199749505,우도,2
칠돈가,126.477811171236,33.4938680321499,칠돈가,2
밥의정석,126.56169179830941,33.261952382819004,밥의정석,2
초밥충전,126.338913773455,33.2482331036319,초밥충전,2
그초록,126.80639618389232,33.55638633245983,그초록,2
앨리스,126.529571974531,33.4975374636899,JEJU앨리스,2
모뉴에트,126.902224926828,33.4914819914411,모뉴에트,2
대우정,126.519586532616,33.4989236665696,대우정,2
따라비오름,126.752858386101,33.3887069884228,따라비오름,2
농업회사법인 갈중이,126.313658360193,33.2350985952254,갈중이,2
아도록,127.105268595721,37.6818712439213,아도록,2
앙뚜아네트 용담점,126.508835277337,33.5161848354525,Antoinette,2
용두암,126.51197322864594,33.516115193053565,용두암,2
한담마을 장한철산책로,126.31056884366741,33.461980076864386,한담해안산책로,2
카페두가시,126.366642899065,33.2354950659364,카페두가시,2
비자림,126.80998754971,33.4904083697986,구좌읍 평대리,2
용연구름다리,126.51438898171457,33.51488319824527,용연구름다리,2
토끼썸,126.89882895700778,33.52194262361429,토끼썸,2
봄날,127.037388914855,37.5029816070158,봄날,2
다미진횟집,126.84402800587,33.3251030257766,다미진횟집,2
스튜디오쿠나,126.40051214931798,33.48022517933131,스튜디오 쿠나,2
그리울땐제주,126.770581869754,33.3009552852259,그리울땐 제주,2
한림칼국수,126.261506447291,33.4155670879451,한림칼국수,2
제주돌마을공원,126.253604031769,33.3540024518805,제주돌마을공원,2
한라산 웃세붉은오름,126.520701746978,33.3603553396532,제주 윗세오름,2
동백포레스트,126.63619814081831,33.300308154725585,남원읍 신례리,2
오설록 티뮤지엄,126.28949031798007,33.30591960370196,Osulloc Tea Museum,2
바다다,126.436715016074,33.2369068490562,Vadada 바다다,2
문치비 서귀포신시가지점,126.506038461521,33.252853717586,문치비,2
신설오름,126.54157000027617,33.505431701275214,신설오름,2
이중섭거리,126.56400391121568,33.24761378125579,이중섭 거리,2
짱구분식,126.567090217045,33.2501815866952,짱구분식,2
김영갑갤러리두모악,126.854135898752,33.3718952325506,김영갑갤러리 두모악,2
문쏘,126.25670970996777,33.405687697267794,문쏘,2
서울맛집,127.054025642442,37.5383079971898,서울맛집,2
신창풍차해안도로,126.17420604655737,33.343081026740045,제주도 한경면,2
호텔난타,126.547910794578,33.4458269894688,Hotel NANTA 호텔 난타,2
김녕회관,126.75592840283,33.5558706714433,김녕회관,2
테디베어뮤지엄 제주점,126.412163077718,33.2502959457555,Teddy Bear Museum - 제주 테디베어뮤지엄,2
센트로,126.567579770359,33.2466488975268,센트로,2
영육일삼,126.488425441189,33.23444792095443,영육일삼,2
박물관은살아있다 제주중문점,126.408740973085,33.25492848172,박물관이살아있다,2
천제연폭포,126.41837541561675,33.25267658457861,천제연폭포,2
서커스월드공연장 전기차충전소,126.34459613429026,33.31436400375418,제주서커스월드공연장,2
중문색달해수욕장,126.411498674889,33.2450381505136,중문색달해변 (Jungmun Saekdal Beach),2
군산오름,126.36997030451425,33.253239609507396,군산오름,2
신창풍차해안도로,126.17420604655737,33.343081026740045,신창풍차해안도로,2
까망돼지 중문점,126.413411836802,33.2574066173646,서귀포 까망돼지,2
볼스카페,126.44250130435073,33.25328838235717,볼스카페,2
디스이즈핫,126.897326953126,33.5131489720297,디스이즈핫,1
법환포구,126.515606477986,33.2372607213758,서귀포 법환포구,1
스타벅스 제주용담DT점,126.484480056159,33.5124867330564,Jeju Starbucks 용담dt,1
한성식당,126.42085056333,35.2828773188511,한성식당,1
제주항공 서울지사,126.80896554640965,37.553744090034165,제주항공,1
스물다섯,126.4808185246333,33.48904453445883,스물다섯,1
카페가호,126.39056077232941,33.48473867468726,Cafe가호,1
카페소금,126.376070692854,33.482520797113,카페소금,1
협재해수욕장,126.23965234966808,33.394314495016246,협재,1
제주도립미술관,126.489644694081,33.4525846506737,제주도립미술관,1
올레길 19코스(조천-김녕 올레),126.69003220840852,33.54903702175158,조천읍 북촌리,1
헤밍웨이하우스,127.01190262974957,37.606406149557294,헤밍웨이 하우스,1
비양도망대,126.969199001247,33.515409238245,우도 비양도,1
벵디1967,126.83805596820805,33.53500265194748,벵디1967,1
좋은날,126.518352362722,33.2546205207224,제주좋은날,1
섭지코지,126.930609241011,33.4239380655993,섭지코지 (Seopjikoji),1
신풍목장,126.86373304959253,33.35601232414165,신천목장,1
영흥도 하늘고래공원전망대,126.500940722745,37.2592160303068,하늘고래,1
플레이스캠프제주,126.91817254328247,33.44982752239807,playce,1
전라남도 혁신도시지원단,126.793336295329,35.0207569927462,나주혁신도시,1
덕수하루,126.304701487473,33.2525077247562,덕수하루펜션,1
성수족발,127.05431637398702,37.54602762815355,성수족발,1
강식당,126.24341565150034,33.39787172271125,강식당,1
필립헤어,127.348773526869,37.8231600733562,필립헤어,1
에스엔에프코리아 울산공장,129.353022118431,35.5313946035255,"Ulsan, Korea",1
맛있는제주,127.04241492589169,37.50517295656051,맛있는 제주,1
자갈치도깨비명당,129.028288939781,35.0970953101036,도깨비명당,1
메이즈랜드,126.800871928106,33.4882554533079,메이즈랜드,1
꽃돼지연탄구이,126.443887961606,33.2420747813875,꽃돼지연탄구이,1
스시애월,126.38427067127806,33.4521963034217,스시애월,1
어부의딸 본점,126.85096481093447,37.551786338058136,어부의딸,1
제주운정이네,126.437746110445,33.2635454662024,제주 운정이네,1
크린토피아 대전선화하늘채스카이앤1차점,127.419478527099,36.3365045659315,선화동106-1,1
스타양곱창 천안성성점,127.13065029682,36.8401708562441,스타양곱창,1
옥계휴게소 속초방향,129.060591824178,37.6160819125974,옥계휴게소,1
윈드스톤,126.436090924885,33.4604778135572,윈드스톤,1
부산트럼펫앙상블,129.147326379274,35.1577935064012,광안리 앙상블,1
제주여행가야밀면 본점,126.48491859084714,33.48805817239701,제주여행 가야밀면,1
제주갈치대기정,126.428564629713,33.2402922401071,대기정,1
나원회포차,126.56743173003237,33.24969048477378,나원횟집,1
위미항,126.661445396967,33.269920656371,남원 포구,1
사방팔방,126.429536827371,33.4888984172137,사방팔방 외도점,1
팔도수산식당,126.52787983828,33.5166519767225,팔도수산식당,1
이비스 스타일 앰배서더 전주,127.144322038333,35.8207215096866,전주도,1
세영수산,128.974764295049,35.0694449264259,세영수산,1
자매국수,126.45914433997106,33.498577203781664,자매국수 본점,1
호꼼샌드,126.42674948214216,33.25224752567309,카페 호꼼,1
감성밥집바다의집,126.91003949542915,33.462113543084605,바다의집,1
곰막식당,126.72050964727606,33.55686867414115,곰막 횟집,1
광원아파트,129.10733588673162,35.161497741497804,광원,1
대돈,126.52672584586894,33.515886631229435,대돈,1
일도전복,126.54592331166398,33.49821695694911,일도전복,1
갈치왕 중문본점,126.39076081925536,33.2646549136212,갈치왕,1
청춘게스트하우스,126.37689450582724,34.79217506987312,청춘게스트하우스,1
올드스터프,127.10222486275687,35.82320980062855,OLD STUFF 올드스터프 Coffee&bread,1
김녕해수욕장,126.759313988844,33.5574388587079,김녕해수욕장 (Gimnyeong Beach),1
자연스러운식당,126.53261178663291,33.243399160632066,자연스러운식당,1
조선칼국수 경성대점,129.0998549883901,35.136681905988546,경성대 맛집,1
정관신도시주유소,129.2104338838944,35.32452710712764,정관신도시,1
협재해수욕장,126.23965234966808,33.394314495016246,제주도 한림,1
착한스시,126.72334916832382,37.48956928434697,착한스시,1
비치서프 스테이션,126.305190068952,33.4492259830246,곽지스테이션,1
동문로터리,126.527804555978,33.513074179864,동문로터리,1
엉또폭포,126.4999654844,33.2685321560634,엉또폭포,1
관덕정,126.52145710447,33.5133491505552,관덕정,1
한라생태숲,126.597699641656,33.4312933427524,한라생태숲,1
MSI KOREA 서비스센터,126.95681743755831,37.532142407400315,"Seoul, Korea",1
쿰다카페,126.449667772184,33.4621941511336,Cafe Koomda,1
이마트 서귀포점,126.50920673074761,33.24835812463035,서귀포 이마트,1
곱을락게스트하우스,126.522826694974,33.2590791854172,곱을락,1
부자식당,127.745811803173,34.738944724346,부자식당,1
연북정,126.636119486047,33.5400835781119,연북정,1
생각하는정원 출입구1,126.254997895224,33.3260685198856,제주 생각하는 정원,1
산방산,126.3133696404118,33.24156429646764,산방산 (Sanbangsan),1
기원식당,127.321346749441,37.3381143863759,기원뚝배기,1
저지예술인마을,126.26705675804797,33.33951818704415,저지예술인마을,1
수목원테마파크,126.48822763595764,33.470617036849404,노형 수목원가는길,1
월정스캔들,126.67665373083061,33.494849370328375,월정스캔들,1
렛츠 Let's7 디스코팡팡,126.622349373141,37.6438933306417,김포 구래동,1
제주중문관광단지,126.420734158755,33.2458352639585,제주중문관광단지,1
테디밸리골프앤리조트,126.34852711032717,33.29261080419157,테디밸리골프리조트,1
현대백화점 울산점,129.33574650999,35.5395950301785,현대백화점 울산점,1
원조교래손칼국수,126.676080314629,33.43610297872,교래 손 칼국수,1
괜찮은술책,126.89507214906855,33.49255085452347,괜찮은술책,1
국수바다 본점,126.44720338391366,33.25299380456801,국수바다,1
이자와 제주시청점,126.53065508548892,33.49883445507783,제주 이자와,1
제주송정농원,126.56439963127046,33.480116134767826,제주송정농원,1
바다사랑그리고추억,126.390547450636,33.4875623775152,바다사랑그리고추억,1
거멍국수 주차장,126.30433366617,33.2444858086573,거멍국수,1
제주시새우리 제주점,126.52073761952214,33.514612201433756,제주시 새우리,1
흑송우동소바 송정본점,129.196512928977,35.1750106256909,흑송,1
성산스쿠버리조트,126.933565862831,33.4609490766286,성산스쿠버리조트,1
아리아호텔,126.41555117034,33.2558767220114,제주아리아,1
올레길 6코스(쇠소깍-서귀포 올레),126.58182615491253,33.243790752367175,보목,1
나인브릿지CC,126.40541509848815,33.34184447296867,나인브릿지,1
니모메,126.430921435914,33.4937012322846,니모메빈티지라운지,1
신라면세점 제주점,126.487592388893,33.4862417297561,제주신라면세점,1
화순금모래해수욕장,126.333589345833,33.2400324295842,화순금모래해변,1
제주돌마을공원,126.253604031769,33.3540024518805,돌마을공원,1
CU 제주부영리조트점,126.42260598342574,33.242334850295364,제주도 부영리조트,1
나인브릿지CC,126.40541509848815,33.34184447296867,제주 나인브릿지 CC,1
제주 세계자연유산센터,126.714721300904,33.4568843697606,제주세계자연유산센터,1
서귀포흑돼지명가,126.536350990028,33.2440442964123,서귀포흑돼지명가,1
강정포구,126.475561352176,33.2271155064362,강정포구,1
이어도,126.570229561458,33.2489662572046,이어도전복해물전문점,1
플레이스엉물,126.900660269856,33.4896558980102,플레이스엉물,1
한라산버섯연구소,126.45932954628,33.3320090628383,한라산버섯연구소,1
검은여식당,126.82787760353364,33.33684613300036,검은여식당,1
광장시장,126.9989416227693,37.570033672535104,종로 광장시장,1
동복해녀식당,126.70694723770639,33.553472573104635,동복해녀식당,1
형제섬,128.644665989846,34.7109149877063,형제섬,1
제주마당,126.45811152540388,33.49818861437645,제주마당,1
탕196,126.89585191338027,37.62717902140011,탕196,1
맥도날드 장안사거리점,127.072637595858,37.5724638396628,맥도날드장안사거리점,1
하림각,126.96272484746255,37.597080116362164,하림각,1
아름다운제주여행,126.540067668993,33.5086736674934,아름다운제주여행,1
제주신화월드 서머셋,126.31750407341045,33.30291379030824,서머셋 제주신화월드,1
제주오리엔탈호텔,126.51979768971532,33.51758741349701,제주오리엔탈호텔,1
제주웰컴센터,126.49936916698329,33.48620781859513,제주웰컴센터,1
꾸이꾸이돼지촌쭈꾸미 본점,126.814151524209,37.5676682438589,돼지촌,1
CU 수원광장점,127.000144309653,37.26812040180812,탑동광장편의점,1
연탄 똘똘이,128.646543877843,35.2486557509888,성산수구레국밥,1
부촌식당,127.51454916842022,37.6697426469124,부촌식당,1
효섬마을초가집,126.611633933589,33.4654544421006,효섬마을 초가집,1
두산봉,126.88739174720739,33.47711943892962,말미오름 (두산봉),1
덕승식당,126.251180315246,33.2192664935737,덕승식당,1
뽈살집 한림점,126.26924845058332,33.415659816788725,한림 뽈살집,1
환상숲곶자왈공원,126.263027856853,33.3229067229708,환상숲곶자왈공원,1
중앙로상점가 주차장,126.523395238357,33.5108538074532,제주중앙로상점가,1
더케이경주호텔 스파월드,129.29198990843446,35.83861714324075,더스파,1
동한두기,126.515637551196,33.5146861304137,동한두기,1
쪼끌락,126.75519295924498,33.55776256448451,쪼끌락 cafe,1
사는맛먹는맛,127.154720475195,36.9996274361574,사는맛 먹는맛,1
놀맨,126.3102240173024,33.462465014131354,Nolman,1
민경이네어등포해녀촌,126.825773171122,33.5537346764512,민경이네 어등포해녀촌,1
한라수목원,126.493266082832,33.4697839260314,제주한라수목원♥,1
제주돈아 서귀포점,126.576869907162,33.3023256846445,제주돈아,1
담아래,126.48731403845683,33.469381683532234,담아래,1
산방산,128.53922269751203,34.86155288490255,산방산,1
제주해변공연장,126.52428226868852,33.517902241794644,탑동해변공연장,1
노리매,126.287339303265,33.283114676288,노리매,1
깐깐한족발 광주첨단본점,126.84527283633469,35.21569495362731,깐깐한족발,1
백성원해장국 본점,126.531281991926,33.5013198139428,양대곱,1
술술포차 연동점,126.490496703599,33.4865665566423,연동포차,1
바당길,126.258524133858,33.4097502897356,한림 바당길,1
제주에너지공사 CFI에너지미래관,126.818068671183,33.5592846290016,제주 신재생에너지 홍보관,1
듀블라썸,126.636399605678,33.5390097038327,듀블라썸,1
카페오드리,126.29725696442758,33.35698722317094,카페오드리,1
낙지로,126.494395960969,33.4886210266593,낙지로,1
사이공장,126.923957606184,35.1485828616732,사이카레,1
프레쉬몽땅카페,127.1376162287,37.5540653062041,몽땅카페,1
정동진 해변,129.036259739972,37.6891659795686,정동진,1
제주옥탑 창원상남점,128.68651259705914,35.22314691413275,성산옥탑,1
닭머르,126.61189693619232,33.53647489410832,닭머르,1
올레길 5코스(남원-쇠소깍 올레),126.66743988738492,33.27078076230098,올레길 5코스,1
휘슬락호텔 주차장,126.525760506152,33.5176356299314,휘슬락호텔,1
용담해안도로,126.50956060325,33.5158270736255,용담해안도로,1
대굴대굴굴구이 연동본점,126.487257224969,33.4919924989596,대굴대굴굴구이,1
웃뜨르항아리식당,126.256491438171,33.3353422969461,웃뜨르,1
제주대학교 아라캠퍼스,126.56190166606697,33.45589760291785,Jeju National University,1
제주대학교 아라캠퍼스 교양강의동,126.564363911422,33.4556466177868,제주대학교 교양강의동,1
제주해변공연장,126.52428226868852,33.517902241794644,용두암해변,1
주점부리 신양본점,126.92213698049497,33.436607929959365,주점부리,1
삼보식당,126.55907184469622,33.24768024521738,삼보식당,1
뽕끄랑,126.555112221785,33.2430344682521,뽕끄랑,1
오는정김밥,126.567621058572,33.2495955703083,오는정 김밥,1
명진전복,126.850184971014,33.5324709034017,Myeongjin Abalone,1
화산양꼬치 2호점,126.52984712438021,33.498595174695744,화산양꼬치2호점,1
유리네식당,126.49701111225333,33.48146941480237,유리네 식당,1
무거버거,126.65506337446807,33.548984211344525,무거버거,1
여수앞바다,127.06276247097124,37.84050938080449,여수 앞바다,1
스타벅스 자갈치역점,129.029795321484,35.0983254287316,남포커피,1
크랩잭,126.30924473774489,33.462924778872775,크랩잭제주,1
마로니에공원,127.002825745303,37.5802887643268,마로니에 공원,1
청루 봉평메밀막국수전문점,126.281397703114,33.2489094503623,청루 봉평 메밀 막국수,1
대우정,126.519586532616,33.4989236665696,대우정식당,1
물꼬기,129.187349309957,37.4385544150465,물꼬기,1
흑돼지가있는풍경 본점,126.480646164645,33.475375671553,흑돼지가있는풍경,1
수월봉,126.16310858641053,33.29476974463891,수월봉,1
올레길 4코스(표선-남원 올레),126.78792799112594,33.30481622383354,올레길,1
제주코코몽에코파크 (휴업중),126.70584844202885,33.27455803113738,코코몽 에코랜드,1
쉬리의언덕,126.407232469643,33.245663452305,쉬리의 언덕,1
산천단,126.554161509656,33.4475067639852,산천단,1
호텔위드 제주,126.4837968479372,33.48579321399249,호텔위드제주,1
리카페,128.996358916285,35.3197749610677,Cafe Ri,1
쇠소깍오메기식당,126.607522516229,33.2601002612173,쇠소깍오메기식당,1
아난티클럽제주,126.738606953081,33.5205468771983,세인트포cc,1
KBS 본관,126.916148788011,37.5260982409435,KBS본관,1
규태네양곱창 본점,126.486060276427,33.4862281727332,규태네 양곱창,1
달달콤콤,126.620541983252,33.2622360636154,달달콤콤,1
김희선제주몸국,126.49807960364836,33.51855797863461,제주도맛집,1
소노벨 제주,126.6716678612834,33.541376642880266,제주 대명리조트,1
에이그라운드,126.836272766003,33.4150676960228,에이그라운드,1
모니카옛날통닭,126.4890593307041,33.492955629376524,모니카옛날통닭,1
배블리컨테이너,126.882645565262,35.1606019754615,배블리컨테이너,1
큰돈가 중문점,126.41512469546467,33.25513719083029,큰돈가,1
차귀도포구,126.165372766829,33.3093132718988,자구내포구,1
성읍칠십리식당,126.8012485433902,33.38919964266133,성읍칠십리식당,1
협재문어떡볶이 홍대부부,126.24152544617657,33.393732712545955,홍대부부,1
풍원,126.94399102084,33.508306597212,풍원 한라산볶음밥,1
카페오길,129.426607904284,35.5076412451734,카페오길,1
귀덕1리사무소,126.29804934490896,33.43606137643769,귀덕1리,1
떡하니,126.5307284427286,33.49221884233406,떡하니,1
가비가배,127.32037503859297,38.07468957856201,가배,1
리치망고 협재점,126.2517821232083,33.402421378993665,리치망고 협재점,1
참맛나김밥,126.47501734137813,33.478588676811455,참맛나김밥,1
금능샌드,126.23246355983767,33.38922134655233,금능샌드,1
대춘해장국 본점,126.52377283761113,33.48042109382529,대춘해장국,1
바삭돈가스,126.488224445142,33.4812242739281,바삭돈가스,1
제주스럽닭 서귀중문점,126.42334467057498,33.25092172733954,제주스럽닭,1
미영이네 본점,126.24982886458776,33.217743640657154,미영이네식당,1
엄지네포장마차 속초점,128.59753427459,38.2131312116936,속초 엄지네포장마차,1
서촌제,126.487741986019,33.4716112926407,서촌제,1
해녀엄마의집,126.91791660464978,33.43608046959792,해녀엄마의집,1
고요남 제주점,126.53589454402163,33.485569204888954,제주시 고요남,1
서귀포의료원,126.56420389693002,33.25531620637039,서귀포의료원,1
스트라이크볼링센터,126.537571842149,33.4922770263572,스트라이크볼링센터,1
아이미제주비치호텔,126.66341313697704,33.543292903717706,제주비치호텔 함덕,1
관음사,126.55812368447738,33.423740261241775,관음사,1
정방폭포,126.57152630834372,33.24490888344185,정방 폭포,1
인사교회,126.259816461218,37.8117881662618,인사리,1
토도,127.09473983112,37.8096149374528,토도,1
고관해물탕,129.04519957858,35.1264245039584,"고관해물탕, 초량",1
제주도 카트 제주레포츠랜드,126.6387551242765,33.48206819907232,와흘리,1
숨도,126.53652102219156,33.25045551460648,석부작테마공원,1
서귀포잠수함,126.558616052674,33.2393033784206,서귀포잠수함,1
종가전복,126.85091606488017,33.53178206275064,종가전복,1
보롬왓,126.75249576943,33.4134970849722,보롬왓,1
제주하귀휴먼시아1단지아파트,126.41640883871428,33.48258748058339,제주하귀휴먼시아,1
물의도시 베니스랜드,126.840706166269,33.4152718230337,제주베니스랜드,1
제주해물탕&아귀찜 갈매본점,127.1173624196343,37.630775066427724,제주칼국수 제주해물탕,1
칠돈가 본점,126.47760453822777,33.49387257074931,칠돈가 본점,1
소렉,126.49128233145652,33.488195354961825,소렉,1
바다이야기,126.25198273649,33.4033458147276,바다이야기,1
면뽑는선생만두빚는아내 본점,126.27765179273604,33.42755048164766,면뽑는선생 만두빚는아내,1
은실이네게스트하우스,126.662176586574,33.5428693944831,은실이네 게스트하우스,1
제주오션스토리 회센타,126.898830328901,33.4115018694431,제주 오션스토리,1
더마파크,126.24150450951313,33.35553937710075,제주도 더마파크,1
김녕해수욕장,126.759313988844,33.5574388587079,김녕 성세기 해변,1
델문도 로스터스,126.526331763387,33.4918090197136,델문도 제주 카페 Cafe Delmoondo,1
카페GD,128.899758730874,35.5240992919045,GD Cafe,1
함덕해수욕장,126.669238934013,33.5430615661113,제주함덕 해수욕장,1
수제홍과일모찌 연동본점,126.49426325052,33.48442537511601,수제홍과일모찌,1
날것,128.57890398855372,35.876131566967196,날것,1
이스트엔드,127.047047275749,37.5230002674591,이스트엔드,1
신흥동일본식가옥,126.706057532726,35.9861696060316,신흥동 일본식가옥,1
행원포구,126.807745416685,33.5564199908232,행원포구,1
촵촵 본점,126.54538833272214,33.49350867548493,촵촵 - Chwap Chwap,1
독개물항 제주한림협재본점,126.251612539436,33.4018902224406,독개물항,1
올레길 17코스(광령-제주원도심 올레),126.49355499979052,33.51976662322369,제주시,1
해바라기분식,126.52914956385872,33.500227113116004,해바라기 분식,1
해비치 호텔&리조트 제주,126.84467246291966,33.321441416991675,해비치호텔&리조트 - Haevichi hotel & resort,1
도라지식당,126.50594414126557,33.49270854222864,도라지식당,1
삼원정 본점,126.4139184363266,33.259324949878014,중문 단지 삼원정,1
소우,126.76350053847541,35.73946530225259,소우,1
올레안뜰,126.512911882397,33.237156429558,올레안뜰,1
별돈별 중문귤밭 본점,126.452819194175,33.2607022743382,제주도 귤밭,1
제주동문시장,126.52830338722843,33.51278396493313,제주시동문시장,1
마포식당,126.7603355740001,35.125092975097004,마포식당,1
테디베어하우스 테지움 제주점,126.39361326921566,33.412252132226875,Teseum,1
천제연폭포,126.41837541561675,33.25267658457861,제주 천제연폭포,1
비양도,126.227348369237,33.4102777124648,비양도,1
자연뜨락,126.488970502278,33.4773000120236,자연뜨락,1
마레벤또,126.31165137591421,33.46260818554157,마레벤또,1
세계의가정식,126.56013919452565,33.25117423511978,서귀동 298-5 '세계의 가정식',1
마모루,126.531441501793,33.4988789047125,마모루,1
호텔더본 제주,126.40647176281689,33.25962232645562,더본호텔,1
올레길 2코스(광치기-온평 올레),126.91029182585572,33.450024032289235,고성리,1
미도리,126.986594830906,37.5605634468652,미도리,1
마장호수,126.9302203716329,37.774941756546156,Paju,1
소금바치순이네,126.91263326000902,33.50365240929026,소금바치 순이네,1
버드나무집,126.66739378515229,33.54129671552933,버드나무집,1
기억나는집,126.562188072497,33.2450792298239,서귀포 기억나는집,1
바당지기,126.79788071450572,33.554849029149054,바당지기식당,1
마구로쇼쿠도,126.546445295938,33.4938713831499,마구로쇼쿠도,1
홍대개미 제주노형점,126.47914896065815,33.48394353547706,홍대개미제주,1
카페송키,126.52019667845425,33.515114997730635,카페송키,1
과일애,126.558750445852,33.2620952567026,과일애,1
협재칼국수,126.244506163658,33.3968090833636,협재칼국수,1
중문국수나라,126.42541729734745,33.256254497087745,중문국수나라,1
사랑분식,126.527825048009,33.5124719955156,제주 사랑분식,1
제주반딧불한담 애월점,126.31010539641,33.46331725259,반딧불 한담,1
아산스파비스,126.980596363598,36.8560743845979,아산 음봉,1
별도봉,126.5530922691017,33.51919692888888,화북1동,1
백리향,126.63841705233897,33.53698342301974,백리향백반,1
일과삶사이틈,126.4842303329765,33.48708609861818,1342틈,1
수원닭발포장마차 수원본점,126.974794716091,37.2702243534947,탑동마차,1
우진해장국,126.52000128027187,33.51151689656457,우진해장국,1
시민갈비,127.43110319664466,36.447450929275995,시민갈비,1
버거킹 서귀포시청점,126.560575664104,33.2533739514535,삼다버거,1
시루에담은꿈,126.457144798572,33.4899709039928,시루애월 소길점,1
훈남횟집,126.66785804080043,33.54208595338686,훈남횟집,1
공천포식당,126.642586419037,33.2663875765224,공천포 식당,1
쉼표,126.24186944438061,33.39521161644132,쉼표,1
올레길 21코스,126.9008926120016,33.51994363971488,제주도 하도리,1
신풍목장,126.86373304959253,33.35601232414165,신풍목장,1
채점석베이커리 본점,126.51417532177,33.2484894346126,채점석빵집,1
오드랑베이커리,126.671581017399,33.5421337502958,오드랑베이커리,1
하나로마트 제주점,126.55289272432519,33.503582439416135,제주시농협하나로마트,1
연화키친,126.343985644359,33.4489603677522,연화키친,1
지붕위제주바다,126.837498029285,33.5328407905861,지붕위제주바다,1
도토리키친 본점,126.51860434812481,33.51538650964344,도토리키친,1
북촌플레이스,126.688343646646,33.5454913285824,북촌플레이스,1
푸릇프릍 제주점,126.54901278224888,33.475192479400455,푸릇프릍,1
쉐프부부,126.4796517608005,33.48766651699844,쉐프부부,1
이게밥도둑,126.493543553666,33.4916144376594,이게밥도둑,1
바띠,126.767723521243,33.3050550975492,카페바띠,1
오조해녀의집,126.92229348123,33.4697350161441,오조해녀의집,1
망장포,126.639688035965,33.2591950092477,하례리 망장포구,1
모이세해장국,126.941097504218,37.5414375410379,모이세해장국,1
쭈니창고,127.159707336267,36.820872405769,쭈니창고,1
절물자연휴양림,126.628011263739,33.4391525898214,봉개동,1
자갈자갈,127.50022675601299,37.498508210174926,자갈자갈,1
카페인 수송점,126.71784651314,35.9602243343274,Cafe카페인,1
벵디,126.67540888586451,33.542349406424734,벵디,1
제주M리조트,126.4943443201863,33.257779185401944,제주엠리조트,1
삼공주회센터,126.568206397719,33.5249386753043,삼공주회센터,1
지금여기,127.89355879010385,34.728536320779966,지금여기,1
서울둘레길 11코스 민속신앙과 불교가 만나는 길,126.96499893427,37.4656995089293,Bongcheon-dong,1
호박다방,126.303445583909,36.7469130811872,호박다방,1
비스트로낭,126.32972886738733,33.249035066717276,비스트로낭,1
대천해수욕장,126.513481592784,36.3102317300706,충남 대천 해수욕장 에서,1
수제홍과일모찌 애월하귀점,126.413903925178,33.4838883724507,수제홍과일모찌하귀점,1
헤이브라더,129.306260696232,35.5571685838321,헤이브라더,1
젠하이드어웨이,126.308502721338,33.2292960867193,젠하이드어웨이,1
홍키호테,126.54971538197508,33.471434471417815,홍키호테,1
자매국수,126.45914433997106,33.498577203781664,Jamae Guksu,1
가시아방국수,126.91806478438669,33.43860508447686,가시아방국수,1
구좌상회작업실 주차장,126.698781039387,33.4856511023259,구좌상회작업실,1
제주바다 앞풀빌라숙소 까사달진밧,126.804419546795,33.5566509990845,김녕 앞바다,1
동박낭,126.676981805351,33.2760425957935,동박낭,1
1158족욕카페,126.33649979086103,33.46707849152644,1158 Cafe,1
서귀포향토오일시장,126.573807213073,33.2670796845065,서귀포향토오일장,1
프레임스파빌,126.39242144521467,33.48484247736388,제주프레임스파빌,1
공업탑,129.307471704097,35.5322138797601,공업탑,1
컬쳐드,126.543617446657,33.4918053656771,Cultured,1
꽃밥,126.30850384571,33.4515119957481,꽃밥,1
명진전복,126.850184971014,33.5324709034017,명진전복,1
오렌지블루스,127.10897053495701,36.81737034251356,오렌지블루스,1
MBC문화방송 본사,126.89080667192393,37.58123659635802,MBC,1
휘닉스제주섭지코지 방두포등대,126.933612896251,33.4274524014959,섭지코지 등대,1
객게스트하우스,127.08318979774,37.5091274126933,객의하우스,1
여름문구사,126.858871425193,33.521423891365,여름문구사,1
이호테우해수욕장,126.452690819027,33.4973768007144,제주 이호테우 해변,1
더리트리브,126.33855714798095,33.2479981394688,The Retrieve,1
제주월령리 선인장군락,126.21569275616064,33.37799991388385,제주 월령선인장 군락지,1
수카사,126.808164095859,33.5540837076564,수카사,1
해심가든,126.426527337765,33.2519210158987,해심가든,1
신라스테이 광화문,126.98115799085134,37.57253694035176,Shilla Stay,1
망원수제고로케,126.90571734102595,37.55740911414447,고로케야,1
호텔아이엠,127.5001908201182,34.945428867089305,호텔 아이엠,1
메종글래드제주,126.48852916569449,33.48521147310383,Maison GLAD Jeju - 메종글래드 제주,1
스타벅스 제주성산DT점,126.920676533644,33.4496930061935,스타벅스 제주성산dt점,1
사계여행,126.307758644674,33.2349577089985,사계여행,1
카페기억해줘,126.742585650057,36.6899525675498,Cafe기억해,1
바보까페,129.440598278195,35.63185535406,바보까페,1
하고수동해변,126.957648164245,33.5141507975417,우도 하고수동해수욕장,1
더퍼스트70호텔,126.5668406727831,33.24725582810093,TheFirst70 Hotel,1
카이로스,126.400155234663,33.449262850826,카이로스 제주,1
방주교회,126.387439255121,33.305048981119,방주교회,1
꽃길카페,127.446971720341,37.199545513325,꽃이다카페,1
베어트리파크,127.21011242055079,36.67198590355356,세종시,1
잔향,126.89488964269533,37.51396635221579,잔향,1
휘닉스 아일랜드,126.92937401739778,33.430317194429996,제주도 휘닉스아일랜드,1
차귀도,126.147625156169,33.3115549586682,차귀도,1
올레길 6코스(쇠소깍-서귀포 올레),126.58182615491253,33.243790752367175,올레 6코스 (Olle Route 6),1
수망일기,126.7121269102888,33.33037452211467,수망일기,1
제주조천스위스마을,126.67677344578381,33.4939083226086,제주조천스위스마을,1
애월 고불락,126.336618739754,33.4667148876518,고불락 식당,1
제주김만복김밥 본점,126.508921919644,33.4970353986304,제주김만복본점,1
올레길 1코스(시흥-광치기 올레),126.90615340679284,33.47870836850387,제주 성산읍,1
나도섬이다,126.665543725269,33.5419444853242,나도섬이다,1
호텔시리우스,126.49101622192408,33.493402757706455,시리우스 호텔,1
국수의전설,126.610392199063,33.2634994170382,국수의 전설,1
켄싱턴리조트 서귀포,126.489065573321,33.2337752320623,켄싱턴리조트 서귀포,1
이너프,127.073838321653,37.5916308279671,"Enough, 이너프",1
화수목,126.830570842412,33.5408412997131,한동리 화수목,1
피규어뮤지엄제주,126.35535652107916,33.28190640701935,피규어뮤지엄제주,1
제주돌문화공원,126.66099631570286,33.44877171129721,제주돌문화공원,1
종달리해변,126.90507737845,33.4886892325511,종달리 해변,1
스테이 비갠오후,126.525603048125,33.2553029735526,스테이 비갠오후,1
제주맑음 (휴업중),126.52098071736174,33.51346812244261,제주맑음,1
제주시청,126.531171087129,33.4995342412698,제주시청,1
베케,126.6043480211714,33.261757316022084,베케,1
금능반지하,126.228631952401,33.3910566644317,금능반지하,1
지붕위제주바다,126.837498029285,33.5328407905861,지붕 위 제주바다,1
돈사촌,126.572546978954,33.2552207390825,돈사촌,1
다래향,126.660687856748,33.5458153322043,함덕 다래향,1
우리두리게스트하우스,126.81273045159,33.3074671989101,우리두리게스트하우스,1
담앤루리조트,126.45154125593665,33.24589108138559,담앤루리조트,1
렛츠런팜 제주,126.68145293165067,33.41842010343655,렛츠런팜제주,1
도두항,126.466549956171,33.5073979938833,제주시도두항,1
도두항,126.466549956171,33.5073979938833,도두항,1
금바리,128.177258946673,38.0433640367188,금바리,1
로타리빌딩,126.478274417715,33.4862425225287,노형로터리,1
카페닐스,126.25593302531992,33.39339438591294,카페닐스,1
시월의리브라,126.53817577910097,33.51330080867158,시월의리브라,1
에코랜드,126.66885276552155,33.45534851446023,에코랜드테마파크,1
게으른날,126.200825295573,33.2672973823424,게으른날,1
표선해수욕장,126.837424825392,33.3275109235413,표선 해비치해수욕장,1
비긴어게인펜션,126.791334459915,33.5526644253877,비긴어게인펜션,1
엠스테이펜션,126.86319257157768,33.525297504875844,M-STAY / 엠스테이,1
수우동,126.242439755379,33.3966233802686,협재 수우동,1
TJ게스트하우스,126.809476956697,33.5544824365191,Tj Guesthouse,1
절물자연휴양림,126.628011263739,33.4391525898214,절물 자연 휴양림,1
달사막,126.67248415048759,33.54190172816611,달사막,1
세량제,126.91997653627179,35.07864419158756,Hwasun,1
김포공항역 9호선,126.80191361988808,37.56196757232288,Gimpo International Airport Station,1
한라산사라오름산정호수,126.57041574555812,33.37082200754367,사라오름 산정호수,1
한라산,126.52941927591584,33.361424638771474,Hallasan,1
황궁쟁반짜장,127.39431055393325,36.33877019796713,황궁쟁반짜장,1
아날로그감귤밭,126.46329357634802,33.45797492138427,아날로그감귤밭,1
제주거울미로 이상한나라의앨리스,126.321627462344,33.2889974968612,제주거울미로 이상한나라의앨리스,1
별도봉,126.5530922691017,33.51919692888888,제주시 화북동,1
무수천광령계곡암장,126.447098827949,33.4622296034238,무수천계곡,1
올레길 4코스(표선-남원 올레),126.78792799112594,33.30481622383354,표선리,1
제주동문시장,126.52830338722843,33.51278396493313,동문시장,1
책다방,127.416688938843,36.7088722124109,책다방,1
제주 색달식당 순살 갈치조림 서귀포본점,126.38624334061187,33.24181180447894,색달식당,1
종달스토리,126.900184389609,33.4917688782838,종달스토리 게스트하우스,1
골목카페옥수,126.379977434507,33.4397509795262,골목카페 옥수,1
구엄리 돌염전,126.37647405493912,33.48343703509126,구엄리 돌염전,1
에코그린리조트,126.29147883038122,33.43528831814656,에코그린리조트,1
해미읍성,126.54821585012382,36.71265505145304,Seosan,1
파츠헤어,127.069109881021,37.6601104823279,Paz,1
온필라테스라운지 은계점,126.80162059956939,37.4370986293187,단디501,1
이호테우 하얀말등대,126.45212866117713,33.50256926744386,이호테우 목마등대,1
항파두리 항몽유적지,126.407922584204,33.4527478729655,항파두리 항몽유적지,1
책방 무사,126.93398154203892,37.554067580477145,책방무사,1
제주마로,126.246323922005,33.3984069326268,제주마로 펜션,1
고근산,126.51287193493305,33.26679186408771,제주도 고근산,1
서건도,126.498627156523,33.2299948343901,서건도,1
외돌개,126.544862271566,33.2390338150319,외돌개,1
오션스위츠 제주호텔,126.52309152230318,33.51814920658691,Ocean Suites Jeju Hotel,1
용두암,126.51197322864594,33.516115193053565,제주도 용두암,1
깡촌흑돼지 함덕본점,126.667135470078,33.541274383213,깡촌흑돼지,1
구좌상회,126.6988723691466,33.485688289936014,구좌상회,1
제주흑돼지마씸,126.52301710002838,33.51739248641763,고기마씸,1
바라크라,126.604145948421,33.2415952821835,바라크라,1
애월해안도로,126.36867872098,33.4781232943703,애월해안도로,1
돈물국수,126.53541660567726,33.514012665891684,돈물국수,1
성산 갈치조림 순덕이네,126.896577199828,33.4122222066663,순덕이네해산물장터,1
알작지해변,126.43979648686667,33.495927122987865,외도동,1
상효원수목원,126.584635005756,33.3059583755486,상효원 수목원,1
오설록 티뮤지엄,126.28949031798007,33.30591960370196,오설록,1
워터월드 제주,126.50869807186983,33.24529508944007,서귀포 워터월드,1
김녕장게스트하우스,126.74949548265,33.5565466392379,김녕장,1
팜스빌리지,126.285313182189,33.4425954531532,제주 팜스빌리지,1
본태박물관,126.39247966305703,33.30377089594179,Bonte museum,1
제주특별자치도청,126.49822914119608,33.48891790333224,제주도청,1
제주카페스르륵,126.463259298039,33.2322645302471,제주카페 스르륵,1
네이처트레일,126.22535350484,33.3826154100218,네이처트레일,1
박물관은살아있다 제주중문점,126.408740973085,33.25492848172,박물관은 살아있다 제주 중문,1
몽키비치,126.42166186756529,33.25225732986043,몽키비치,1
전주콩나물국밥,126.917468295223,37.5482998151588,전주콩나물국밥,1
부에난소라하효마을,126.620960072504,33.2501671917211,효돈마을,1
고근산,126.51287193493305,33.26679186408771,고근산정상,1
제주힐링리조트,126.28206680334173,33.3463453150256,금악리 제주힐링리조트,1
다이브스테이,126.619741905076,33.2536861514236,다이브스테이,1
신창풍차해안도로,126.17420604655737,33.343081026740045,신창해안도로,1
롯데시네마 제주연동,126.494736524528,33.4807442976278,제주롯데시네마,1
안녕육지사람,126.95712369893411,33.51473395368853,"안녕, 육지사람",1
카페산,128.394365136642,36.9946987212414,카페라능,1
돈사돈 중문점 전용주차장,126.433001050878,33.2507975242915,돈사돈중문점,1
모던하우스 제주아라점,126.5346646789013,33.484367275092815,모던하우스 제주점,1
호연스테이,126.829753877684,33.542372893772,호연스테이,1
풍림다방 송당,126.785711373027,33.471873250973,송당리 풍림다방,1
하도해변,126.899230006514,33.5130567680421,하도해변,1
썬앤문리조트,126.30103633667088,33.22736457105951,썬앤문리조트,1
73st,126.45510883544576,33.45699074238026,73st,1
서귀포KAL호텔,126.58176182117475,33.24648461203475,서귀포 칼호텔 (KAL Hotel Seogwipo),1
성산포항,126.933293813424,33.4734596563682,성산포,1
올레길 4코스(표선-남원 올레),126.78792799112594,33.30481622383354,제주도 표선,1
수민이네,129.19095138692586,35.160556265139526,청사포 수민이네,1
제주몬트락 수서직영점,127.103610523455,37.4886043713089,제주몬트락,1
롯데시티호텔 제주,126.486477218467,33.4906945837847,LOTTE City Hotel Jeju 롯데시티호텔제주,1
"여기, 회",129.111716830573,35.1623604248436,부산 맛집 여기,1
문섬,126.566052068164,33.2266056999868,문섬,1
제주집,129.351772292934,35.5412909542017,제주집,1
한림칠돈가,126.261548308729,33.4075720584803,한림 칠돈가,1
아바이마을,128.5942285663621,38.202177212336174,속초 아바이마을,1
경암동철길마을,126.73620910230106,35.981300930084565,전라북도 군산 경암동 철길마을,1
스모크하우스인구억,126.27837645672058,33.27078306240512,스모크하우스인구억,1
사락,128.40086312776,35.2640067958514,사락,1
원앤오운,126.920450445162,37.549065908553,오운커피,1
이중섭미술관 (휴관중),126.56487318481724,33.245860448668424,이중섭 미술관,1
대구국제공항,128.63783835924795,35.89984054200828,대구국제공항,1
